iteration,title,abstract,link
0, Citing linguistic data: The Troms√∏ Recommendations,"An introduction to The Troms√∏ Recommendations For Citation of Research Data in Linguistics, which help language researchers properly cite language data & give credit to everyone who contributed. Includes an intro citation formats & how to improve #lingdata citation generally.",https://twitter.com/porraschaver/status/1335029874285633540
0, What's in a name?,"Do people judge using a proper noun?  Of course, sometimes, yes, they do.  This is because of the cognitive impact experienced in colossal numbers, either positive or negative.  Consequently, there are name changers, naming consultancies etc.",https://twitter.com/superlinguo/status/1335011220152229888
0, Modelagem de constru√ß√µes de Pret√©rito Imperfeito,"Este trabalho objetiva apresentar a modelagem de constru√ß√µes de Pret√©rito Imperfeito em Portugu√™s Brasileiro e em Espanhol, a fim de contribuir com o desenvolvimento de um sistema de tradu√ß√£o por m√°quina que utiliza um recurso computacional l√©xico-construcional.",https://twitter.com/TryeDavid/status/1335037615326674944
0, The Linguistic Landscape of Bilingual Picturebooks,"In this presentation I analyse a sample of MƒÅori-English bilingual picturebooks, and suggest that the Linguistic Landscape of bilingual picturebooks are powerful tools for changing language hierarchies and for supporting the revitalisation of indigenous languages.",https://twitter.com/lalenguadeana/status/1335041643460878340
0, Tweets on Nominalization,"Quando Bach comp√¥s uma m√∫sica, a 'composi√ß√£o' √© a m√∫sica. Quando o governo documenta um cidad√£o, a 'documenta√ß√£o' n√£o √© o cidad√£o, mas os documentos. Os nomes em -√ß√£o denotam entidades criadas por dois meios: no primeiro caso, olhando para fora do nome; no segundo, para dentro.",https://twitter.com/chao_noelia/status/1335052686442553346
0, Value judgments associated with allophones of alveolar tap and trill,"Migration and geography in Costa Rica have produced a complex distribution of /…æ/ and /r/ allophones. Social changes, academic figures and mass media have led to stigmatization of some variants. This work is study of value judgments associated with the different variants.",https://twitter.com/Katharina_Pabst/status/1335049287097589761
0," Nostalgia, pol√≠tica e discurso","At√© que ponto a percep√ß√£o do passado molda e estrutura a forma de perceber o mundo e, principalmente, o pol√≠tico? O trabalho visa entender as condi√ß√µes de produ√ß√£o da rede e sua rela√ß√£o com a mem√≥ria discursiva presente em enunciados de redes sociais.",https://twitter.com/Ling_Lass/status/1335045068701503494
0, Exploring Loanword Networks,"Word borrowing is often investigated using frequency-based measures, such as types and tokens in a corpus. We introduce an alternative approach to studying loanwords, which involves building collocation networks, based on sets of borrowings that co-occur within the same text.",https://twitter.com/NicolaDaly18/status/1335023291937947648
0, No queremos cualquier verdad,"¬øCu√°l es el valor de ‚Äúcualquier‚Äù en ‚ÄúNo queremos cualquier verdad""? Defendemos que es un universal que, al ser negado, nos invita a una lectura existencial en la que el agente tiene la libertad de elegir de todas las opciones posibles aquella se ajusta mejor a su voluntad.",https://twitter.com/andregodeau/status/1335033981985837056
0, Tempering and Aligning Advice-Giving Through Memes,"Capturing peer communication in a health corpus, I show one use of memes is advice giving. Posts endorse a reader‚Äôs future action, framed as disaffiliation to shame reader choices or affiliation to encourage them. These signal positioning in vernacular online conversation.",https://twitter.com/NataliaMarcao/status/1335018622415147016
0, Place identity & co-occurrence in Northern Maine,"I examine the relationship b/w place identity and the co-occurrence of was leveling and demonstrative them in Maine English. Male-presenting speakers w/ high local affiliation combine nonstandard variants more, likely since place ideologies are tied to gender, class and ethnicity",https://twitter.com/sheeli3/status/1335015044745191431
0, The demise of impersonal constructions,So-called impersonal verbs are predicates which occur without a nominative argument. This presentation undertakes the quantitative and qualitative study of the competition between the impersonal verb hunger and the adjectival construction be hungry in Early Modern English.,https://twitter.com/oslinguisticos/status/1335026139014848514
3, Pros√≥dia e entoa√ß√£o: as quest√µes disjuntivas do PB,"As interrogativas disjuntivas s√£o aquelas que oferecem as op√ß√µes de resposta em sua composi√ß√£o: ""quer uva ou ma√ß√£?"". Buscando responder quais s√£o e como se manifestam as marcas dialetais do PB, investigamos a entoa√ß√£o desse subtipo fr√°sico em grava√ß√µes de 25 capitais brasileiras.",https://twitter.com/brettrey3/status/1335060090941018112
3, Determinatives are far from pronouns in English,"Using 232 morphological, syntactic, semantic & phonological features and the DISCO test, I show for the first time that determinatives & pronouns are statistically significantly different categories (p<0.001). This holds for the subsets of features (morph, syn, & sem).",https://twitter.com/AliciaStevers/status/1335064270833405952
3, Emoji based reactions to the Said Construction,Said used in place of a determiner seems to carry a unique social meaning. I present results of a study where participants were more likely to react to said containing sentences with üòÇ. Identical sentences with a standard det got a üëç reaction,https://twitter.com/demeco_project/status/1335079000155295747
3," #AboriginalEnglish: BE LIKE, stability and change","Our synchronic/diachronic dataset offers broad view of #AboriginalEnglish quotation. Findings based on 48 speakers b. 1907-2005 allow tackling ‚Äòactuation problem‚Äô: why changes occur in some varieties, not others.",https://twitter.com/f2robot/status/1335097926629126148
3, Perception of American English pure vowels,"We study the perception of American-English (AE) vowels by Persian and Persian/Azeri (Turkic) learners. We test their perceptual assimiltion and compare the mapping of AE vowel space by L1 listeners and our learners, using a synthesized vowel space varying formants and duration.",https://twitter.com/Andraas/status/1335094108436750337
3, Interactionally situating the power scream,"Language emerges from bodies, but some sounds are treated by interlocutors as particularly ‚Äòbodily motivated‚Äô. This study uses conversation analysis to study how a corpus of grunts (365) blur the lines between ‚Äòphysiological byproduct‚Äô & ‚Äòsocial display‚Äô #nonlexicals #emca",https://twitter.com/CelesteRLouro/status/1335067954019323909
3," Why are we *quick* to point out, but not *fast*?","We are *quick*, but not *fast*, to point out, because of 'quick's  inceptive readings. These and a volitional agent are typical of the  construction, as opposed to the competing '-ly' forms, but also  alternative ways of combining with an infinitival ('Pasta is fast to prepare').",https://twitter.com/AnaKrajinovic1/status/1335086658962780161
3," What the Italian subjunctive ""actually"" means","Is the Italian subjunctive used to convey doubt, desire, non-assertion? Is it disappearing from the language? Do southern Italians use it less/differently than northern Italians? Quantitative and statistical examination of spontaneous speech data says no",https://twitter.com/spandan_ju/status/1335090484667039746
3, Empirical methods for describing TAM,"I discuss different types of evidence for TAM descriptions offered by empirical methods, such as corpus work, storyboards and translation-based questionnaires, by focusing on irrealis mood and perfect aspect in Nafsan (Vanuatu, Oceanic).",https://twitter.com/NaimAfshar/status/1335071401934467074
3, Positional Preference of Emotion Phrase in Hindi,"Taking permutations of phrases denoting Stimulus, Response & associated Emotion in an event involving an emotional component, the paper finds emotion-specific preference of phrase ordering in Hindi and classifies Ekman‚Äôs six basic emotions in Hindi based on these characteristics",https://twitter.com/EMdoesCA/status/1335075479506857986
3, We don‚Äôt agree (only) upwards,"Is agreement upward or downward? In our tweets we argue that Bjorkman & Zeijlstra‚Äôs (2019) proposal that Agree is upward checking and downward valuation is empirically not adequate. Data from Bantu languages, German, and Nez Perce suggest that upward valuation is not exceptional.",https://twitter.com/salviodigesto/status/1335082822600634368
3, The F2 Robot Interaction System,"Our multi-layered text analysis system allows the robot F2 to interpret participants of the situation as protagonists or antagonists, and construct a list of possible speech and gesture reactions to be selected according to the simulated mood of the robot.",https://twitter.com/machadoaleo/status/1335056555734167553
6, Acquisition of syntactic negation & NC,This study focuses on investigating the mismatch in the use of negative elements in standard English between child and adults‚Äô speech. It also shows that NC provides essential support for children to acquire the formal features of negation.,https://twitter.com/samrinice/status/1335101660633440256
6, Kazym Khanty -en: 2SG possessive‚Äî>proprial article,"This talk argues that the Kazym Khanty exponent -en stands for four distinct morphemes: 2SG possessive, salient article, anaphoric article, proprial article. The four differ w. r. t. competition with other possessives, agreement in number with the addressee and other features.",https://twitter.com/kerbach2/status/1335129528524529664
6, Cracking stereotypes the ling of discourse markers,"The use of discourse markers in oral speech is often stereotyped in English. Yet DMs are anything but absurd words. My thread will describe some linguistic traits of DMs across languages, with a focus on Berber, and show how central they are to human grammar & communication.",https://twitter.com/SK_Mikhailov/status/1335105393861808128
6, Lexical classification of Tup√≠-Guaran√≠ languages,With two methods employed in genetic analyses -- character and distance-based -- we classify Tup√≠an languages based on lexical items from the Tup√≠an Lexical Database (TuLeD). Results agree with previous classifications and support some linguistic and ethnographic conjectures.,https://twitter.com/tschfflr/status/1335132021216174082
6, The way Spanish and Basque think about causality,This psycholinguistic study explores the role of intention in the way Spanish and Basque speakers think and talk about causal events. Results show that both speakers use similar linguistic structures to encode causality but conceptualise it significantly differently.,https://twitter.com/leviremijnse/status/1335120535303430144
6, Social influence on negation in Early Modern Dutch,"This presentation offers a description of the different grammars that have arisen under the influence of both bottom-up and top-down change in negation in 17th century Dutch, from consistent single negation to consistent negative concord, depending on social class and region.",https://twitter.com/linguistlaura/status/1335143470684663810
6, How to clip words in English,How do speakers of English make a short word out of a longer one? We put together a collection of 2400 English clippings and analyzed it with multivariate statistics. We detected patterns and regularities that reflect functional pressures that act on the speaker and the hearer.,https://twitter.com/cal_virgi/status/1335135674039754754
6, The QUD in quantity judgments,"Questions like ‚ÄúWho has more jewelry?‚Äù might seem straightforward to answer, by counting the pieces, but it has been shown that the answer changes with how and when the question is asked. I argue that the answers are based on what the Question Under Discussion is assumed to be.",https://twitter.com/AichaBelkadi/status/1335109284170969088
6, Intensifiers across social media,"Much linguistics, wow! Intensifiers like 'very', 'so' are typical for informal, spoken language, but also occur in social media. @tschfflr shows individual speaker differences in choice of intensifiers in German blogs and tweets by the same authors.",https://twitter.com/gossminn/status/1335139354063347713
6, Gaze-selection & syntax in multiperson interaction,"I investigate how gaze relates to the grammatical features of turn-construction in collaborative turns. Gaze-selected speakers can provide syntactically more complex (re)completions, self-selected speakers simpler ones: do gaze-selected speakers display more entitlement to speak?",https://twitter.com/fthorstensen/status/1335113053571080193
6, Variation in framing of real-world events,"""Riots"" or ""demonstrations""? ""Terrorism"" or ""rebellion""? The same event can be conceptualized and framed in many ways using language. We present analysis methods, #FrameNet lexicons and #NLP tools for üá≥üá±üá¨üáßüáÆüáπ to investigate how this works.",https://twitter.com/AndreaArioBizar/status/1335116703517331456
6, Because-X and because-ellipsis: A comparison,"We argue that because-X (‚ÄòI can‚Äôt come because school‚Äô) is a (non-elliptical) fragment based on corpus, acceptability, and fill-in-the-blank data. This explains the acceptability of the varied categories of complement as well as the low acceptability of finite verbs and DPs.",https://twitter.com/hilpert_martin/status/1335124283526422529
9," who gives what to whom, and how do we know","if you can‚Äôt distinguish between who‚Äôs the giver and who‚Äôs the recipient, because case marking is gone ‚Äì does sticking a preposition on one of them help, or does fixing word order do the trick? looking at the history of giving verbs in English will tell",https://twitter.com/jeessmaximo/status/1335184746335363074
9, O efeito de chunking na aprendizagem do PBL2,"Investiga√ß√µes conduzidas pela perspectiva Funcional-Cognitiva revelam que o processo cognitivo chunking tem papel fundamental para que sequ√™ncias da L2 sejam acessadas e armazenadas como blocos de forma-sentido, necess√°rios √† emerg√™ncia de uma forte rede construcional na mente.",https://twitter.com/marialuizarruda/status/1335188437658460160
9, E quando professor de ingl√™s ensina PLE?,"Analisamos representa√ß√µes discursivas de professores de l√≠ngua inglesa, ao enunciarem sobre o ensino-aprendizagem de Portugu√™s como L√≠ngua Estrangeira. O ensino e a forma√ß√£o em PLE ocupam um entre-lugar, advindo da estranha-familiar rela√ß√£o com a l√≠ngua portuguesa.",https://twitter.com/Priscil76574040/status/1335165842024243200
9, Compreens√£o de textos no AVC e baixa escolaridade,"A pesquisa comparou a compreens√£o de seis narrativas (lidas e ouvidas) por 18 indiv√≠duos com AVC no hemisf√©rio esquerdo a 10 controles, com baixa escolaridade, verificando o desempenho nos n√≠veis micro- e macroestruturais textuais atrav√©s de recontos e perguntas de compreens√£o.",https://twitter.com/carol_gsv/status/1335173319411154944
9, O mal-entendido em tweets,"Nosso trabalho consiste em descrever o monitoramento do mal-entendido em tweets, destacando sua din√¢mica organizacional, fatores que o desencadeiam, a√ß√µes de den√∫ncia e reparo e, ainda, o trabalho de face. Recorremos aos estudos da An√°lise da Conversa e Lingu√≠stica Interacional.",https://twitter.com/rkofreitag/status/1335171551025565700
9, O papel da gama tonal na caracteriza√ß√£o dialetal,"A an√°lise da gama tonal apontou valores m√≠nimos id√™nticos em ambos os tipos fr√°sicos, tanto para o Norte quanto para o Sul. Todavia os valores m√°ximos alcan√ßados pela F0 das senten√ßas sulistas s√£o sempre superiores √†queles atingidos pelas nortistas em perguntas e asser√ß√µes.",https://twitter.com/deboracla1969/status/1335162706568097793
9, Processing linguistic variation,This paper explores the effects between implicit and explicit knowledge about linguistic variation. An experimental study shows that stigmatized phonological variants present differences in the awareness task while in unawareness task the pattern is similar to casual speech.,https://twitter.com/KolbergLeticia/status/1335177147401592832
9, Aspectos cognitivos e avalia√ß√£o de linguagem,"Nesta confer√™ncia apresentarei alguns dos resultados expostos em Silva (2018), em que investiguei se e quanto, caracter√≠sticas relacionadas ao estilo, trajet√≥ria de vida e sa√∫de de diferentes participantes, poderia influenciar no seu desempenho em uma avalia√ß√£o de conversas.",https://twitter.com/victorene_/status/1335180892315258882
9, Children use prosody for sentence disambiguation,"Can Brazilian children use prosody to constrain their interpretation of sentences? In our study, 3-4-yos correctly interpreted sentences such as ""The tiger hits! The duck too"", which, without prosody, are ambiguous with transitive sentences such as ""The tiger hits the duck too"".",https://twitter.com/evaeva_z/status/1335147032164626433
9, Varia√ß√£o lingu√≠stica na leitura em voz alta,Varia√ß√£o lingu√≠stica ocorre em contexto de leitura em voz alta? Essa exposi√ß√£o sistematiza resultados de estudos que investigaram a transposi√ß√£o de tra√ßos vari√°veis da fala para a leitura em voz alta e aponta as principais contribui√ß√µes ao ensino de leitura e √† sociolingu√≠stica.,https://twitter.com/LiaAbrantesAS/status/1335150734527094785
9," Texto, ensino e historiografia da lingu√≠stica","Esta apresenta√ß√£o prop√µe divulgar o projeto de pesquisa de doutorado que tem como objetivo discutir a presen√ßa do objeto te√≥rico texto na elabora√ß√£o, produ√ß√£o, circula√ß√£o e recep√ß√£o de livros did√°ticos de l√≠ngua portuguesa no contexto brasileiro das d√©cadas de 1950-2000.",https://twitter.com/sabrineam/status/1335158650227351552
9, Referencia√ß√£o e argumenta√ß√£o pol√™mica no twitter,"Esta pesquisa tem o objetivo de analisar a (re)constru√ß√£o dos processos referenciais no twitter e o modo como eles interferem na instaura√ß√£o do discurso pol√™mico. Para isso, toma-se como pressupostos te√≥ricos os estudos da Lingu√≠stica Textual e da Argumenta√ß√£o no Discurso.",https://twitter.com/CrisPaulaBrito/status/1335181734841896960
12, Os tecnotextos como corpus em Lingu√≠stica Textual,"O tecnodiscurso traz particularidades que precisam ser levadas em considera√ß√£o por linguistas. Este trabalho, assumindo uma abordagem p√≥s-dualista e ecol√≥gica (PAVEAU, 2017), reflete sobre o uso de tecnotextos como corpus nos estudos em Lingu√≠stica Textual.",https://twitter.com/haspelmath/status/1335212273250562048
12, Feedback as the main mechanism of L2 processing,"In speech interaction, speakers integrate the bottom-up acoustic signal with top-down lexical knowledge and context fastly. The lexical feedback mechanism may be the main way of speech comprehension by bilinguals since the acoustic input is decoded by a L1 and L2 mixed system.",https://twitter.com/KFascinettoZ/status/1335208175130198020
12, Valida√ß√£o de um teste de compreens√£o de prov√©rbios,"Neste trabalho, apontamos evid√™ncias de validade de uma tarefa de compreens√£o de prov√©rbios. Como resultado desse processo, verificamos que a habilidade de compreens√£o de prov√©rbios se desenvolve gradualmente, com efeito significativo da idade e da escolaridade dos participantes.",https://twitter.com/marciamv2/status/1335233794585092097
12, Multimodal perception of Brazilian Portuguese,"This paper presents a multimodal analysis of the intonation of assertions, echo-questions, wh-exclamations, and wh-questions in Brazilian Portuguese. We explore the influence of the visual channel in the perception of the prosody of these four utterance types.",https://twitter.com/EvangeliaAdamou/status/1335218667580252160
12, Matrix Language in the Code-Switching in Children,"This work focuses on the Matrix Language (ML) of intra-clause Code-Switching in children and adults in bilingual data Venetian/Spanish in Puebla, Mexico. The purpose is the identification of the ML in all clauses in a family interaction based on the Matrix Language Frame model.",https://twitter.com/carolinegf_/status/1335199849797521408
12, Efficient coding: Passive and dative alternations,"What unites passive and dative alternations is the effect of unusual associations of role rank (A >P, R > T) and referential prominence (e.g. definite > indefinite). Unusual associations may lead to special coding for reasons of efficiency, as in differential object marking.",https://twitter.com/AmandaP27090148/status/1335196268042260481
12, Measuring the lexical distance between dialects,"Employing CL on the Dialects of Arabic and ‚ÄéMeasuring the Lexical Distance between them compared to MSA. Testing the functionality of Swadesh list on the main and frequently used dialects, to find the link and the bond of these dialects to the MSA and even ‚Äébetween each of them‚Äé",https://twitter.com/daniel__pascual/status/1335229942758510592
12, How priming in bilinguals leads to language change,Does adjective-noun order change through cross-language priming (bilinguals repeat order in L1 after using it in L1‚Äô)? We study priming in ms (experiment w/ 90 Romani-Romanian bilinguals) & effects throughout centuries (119 Romani speakers from various countries in RMS database),https://twitter.com/Sawalhamohamad/status/1335224827926499328
12, Bilingual mixed NPs: speech data vs. models,"In bilingual NPs, what decides the determiner's language? Abstract features or Matrix language? Neither, by bilingual community norms. In spontaneous bidirectional mixing data, preferred are lone nouns. The determiner is thus that of the surrounding language, whatever it may be.",https://twitter.com/MixedNPs/status/1335222452826165249
12, Pragmatic and discursive mechanisms in headlines,"The pragmatic analysis of 1030 headlines in research project websites shows that promotional strategies outnumber communicative and interactional ones to foster collective impact. Discursively, they tend to display non-verbal structures, self-references, and engaging devices.",https://twitter.com/Lumamirand/status/1335203546669658112
12, What counts as alternating passive constructions?,"An overview of an on-going project for mapping variants used in Brazilian Portuguese to conceptualize passive propositions in academic and journalistic texts, adopting a socioconstructionist view of multivariate usage-based language knowledge, allostruction and (meta)construction",https://twitter.com/rafaellima016/status/1335192552136462339
15, Gricean Secrets,"Fox (2014) argues that Griceans cannot generate scalar implicatures observed in some adversarial contexts. I reply by showing that, contra Fox, Griceans can derive these implicatures. Therefore, Fox‚Äôs argument fails to undermine the Gricean approach to scalar implicatures.",https://twitter.com/clydeancarno/status/1335245117964300288
15, Cats of Twitter,"Cats of Twitter (aka people behind the screens talking as a cat, as if they were a cat) as a community of practice? YES! As they impersonate cats as ambivalent animals, Twitter users gather around a style + lead sociolinguistic change & the dissemination of norms of use.",https://twitter.com/ruiality/status/1335248929022238720
15, National language literacy lessons in The Gambia,The Gambia‚Äôs 2015 biliteracy programme prescribes that from grade 1 to 3 primary school children should receive an equal number of literacy lessons in one of The Gambia‚Äôs seven national languages and English. Find out what 12 Gambian educators had to say about it in interviews.,https://twitter.com/MMarcioCarvalho/status/1335256476659703813
15, Ideologies in a university linguistic landscape,"This linguistic landscape study examines the language on signs in University College Dublin, Ireland in relation to university policies and value statements. The results show that multilingualism on campus signage does not support the overt global orientation of the institution",https://twitter.com/AryaneSNogueira/status/1335279092124569601
15, Gramaticaliza√ß√£o da constru√ß√£o conectora porque de,"Descri√ß√£o sincr√¥nica da constru√ß√£o conectora porque de em Valen√ßa-BA. Pelo vi√©s te√≥rico da Gramaticaliza√ß√£o e metodologia qualiquantitativa, concluiu-se que, por analogia, um novo uso emerge do conector porque com a preposi√ß√£o de, com fun√ß√£o de sintagma preposicionado causal.",https://twitter.com/pauhensilsan/status/1335252809407627265
15," Interculturalidade, g√™nero e ensino de Ingl√™s","A pesquisa ‚ÄúInterculturalidade, G√™nero e ensino de Ingl√™s‚Äù, investiga o impacto de atividades  elaboradas para discutir g√™nero nos discursos dos estudantes e em suas rela√ß√µes interessoais. Os dados revelam uma ressignifica√ß√£o dos discursos e posturas de abertura √†s diferen√ßas e de resist√™ncia √†s opress√µes de g√™nero.",https://twitter.com/sophiewhittle95/status/1335260153877237760
15, The Decline of V2 in the History of English,The decline of English verb-second has been documented throughout previous literature but there has been no consensus as to why the change occurred. How can we combine factors such as dialect contact and information structure to provide a more holistic view of language change?,https://twitter.com/anthony69848604/status/1335237503775870983
15, Meu experimento psicolinguiÃÅstico bem deu certo,"Defende-se que Constru√ß√£o de Contraexpectativa com Bem (exemplificada por frases como ‚ÄúEu bem vi seu ex ontem‚Äù) atua como um marcador de contraexpectativa. Nesse sentido, este trabalho testa empiricamente essa hip√≥tese a partir da realiza√ß√£o de um experimento psicolingu√≠stico.",https://twitter.com/tenuta_adriana/status/1335271465642561536
15, Estrat√©gia de aprendizagem: -en modificador de SN,"Estudo quantitativo da escrita de aprendizes brasileiros de ingl√™s que comparou ocorr√™ncias de -en em posi√ß√µes pr√© e p√≥s n√∫cleo do SN, revelando maior n√∫mero de p√≥s-modificadores, o que pode significar estrat√©gia de aprendizagem ligada √† similaridade das gram√°ticas de L1 e L2.",https://twitter.com/BerLinguistin/status/1335241599715074051
15, Translanguaging lens in deaf education,"Language practices identified in a written language course to deaf students through a translingual descriptive lens highlights aspects about deafs‚Äô communicative practices that can be invisibilized or neglected, while may have an important role in language learning process.",https://twitter.com/brendha_portela/status/1335263990881136643
16, Gramaticaliza√ß√£o da constru√ß√£o conectora porque de,"Descri√ß√£o sincr√¥nica da constru√ß√£o conectora porque de em Valen√ßa-BA. Pelo vi√©s te√≥rico da Gramaticaliza√ß√£o e metodologia qualiquantitativa, concluiu-se que, por analogia, um novo uso emerge do conector porque com a preposi√ß√£o de, com fun√ß√£o de sintagma preposicionado causal.",https://twitter.com/GMZ5zmg/status/1335283107143028742
16," Interculturalidade, g√™nero e ensino de Ingl√™s","A pesquisa ‚ÄúInterculturalidade, G√™nero e ensino de Ingl√™s‚Äù, investiga o impacto de atividades  elaboradas para discutir g√™nero nos discursos dos estudantes e em suas rela√ß√µes interessoais. Os dados revelam uma ressignifica√ß√£o dos discursos e posturas de abertura √†s diferen√ßas e de resist√™ncia √†s opress√µes de g√™nero.",https://twitter.com/viridiano/status/1335286721269919745
16, The Decline of V2 in the History of English,The decline of English verb-second has been documented throughout previous literature but there has been no consensus as to why the change occurred. How can we combine factors such as dialect contact and information structure to provide a more holistic view of language change?,https://twitter.com/MMarcioCarvalho/status/1335256476659703813
16, Meu experimento psicolinguiÃÅstico bem deu certo,"Defende-se que Constru√ß√£o de Contraexpectativa com Bem (exemplificada por frases como ‚ÄúEu bem vi seu ex ontem‚Äù) atua como um marcador de contraexpectativa. Nesse sentido, este trabalho testa empiricamente essa hip√≥tese a partir da realiza√ß√£o de um experimento psicolingu√≠stico.",https://twitter.com/AryaneSNogueira/status/1335279092124569601
16, Estrat√©gia de aprendizagem: -en modificador de SN,"Estudo quantitativo da escrita de aprendizes brasileiros de ingl√™s que comparou ocorr√™ncias de -en em posi√ß√µes pr√© e p√≥s n√∫cleo do SN, revelando maior n√∫mero de p√≥s-modificadores, o que pode significar estrat√©gia de aprendizagem ligada √† similaridade das gram√°ticas de L1 e L2.",https://twitter.com/MilenadePaulaM6/status/1335290354044702721
16, Translanguaging lens in deaf education,"Language practices identified in a written language course to deaf students through a translingual descriptive lens highlights aspects about deafs‚Äô communicative practices that can be invisibilized or neglected, while may have an important role in language learning process.",https://twitter.com/pauhensilsan/status/1335252809407627265
16, Lenguaje no binario: ¬ødiferencias seg√∫n la tarea?,"En una tarea de juicios de aceptabilidad, las formas de lenguaje no binario son m√°s rechazadas, sin embargo, en un experimento de lectura y comprensi√≥n, su procesamiento es menos costoso y m√°s preciso en su referencia hacia grupos mixtos, respecto del masculino gen√©rico.",https://twitter.com/sophiewhittle95/status/1335260153877237760
16, Frame Semantics & Multimodal Machine Translation,A new approach in the Multimodality field that focuses on the analysis of image-text pairings within the framework of Frame Semantics and proposes a model for the development of Machine Translation systems that benefits from the automatic processing of combined image-text data.,https://twitter.com/tenuta_adriana/status/1335271465642561536
16, Documentos de viagem BR/FR: estudo terminol√≥gico.,"A fim de identificar poss√≠veis semelhan√ßas e diferen√ßas entre documentos de viagem no portugu√™s do Brasil e no franc√™s da Fran√ßa, realizamos um estudo comparativo, do ponto de vista terminol√≥gico, sobre os graus de equival√™ncia entre os termos que se referem a esses documentos.",https://twitter.com/pratesarley/status/1335296983993638912
16, Vitalidade dos termos do ALiB no Twitter,"Este trabalho objetiva analisar a vitalidade dos termos do Atlas Lingu√≠stico do Brasil (ALiB) no Twitter, desenvolvendo cartas lingu√≠sticas paralelas √†s cartas publicadas no ALiB, destacando a quest√£o da localidade dos usu√°rios no Twitter e os termos poliss√™micos do ALiB.",https://twitter.com/brendha_portela/status/1335263990881136643
21, Vitaliza√ß√£o lingu√≠stica entre os Xixinawa (Pano),"Esta apresenta√ß√£o √© um dos resultados de pesquisa desenvolvido na Terra Ind√≠gena Kayapuc√° dos ind√≠genas Jaminawa em Boca do Acre-AM, que teve como objetivo verificar os diferentes estados de vitaliza√ß√£o da l√≠ngua Nuku Ts√£y.",https://twitter.com/Gilmarmontargil/status/1335343336668999682
21, Desqualifica√ß√£o do outro: Pol√™mica,"A Lingu√≠stica Textual assume que a intertextualidade √© um dos fen√¥menos acionados durante uma intera√ß√£o pol√™mica. Neste trabalho, buscaremos identificar como esse fen√¥meno √© operado para desqualificar um advers√°rio em textos do Twitter.",https://twitter.com/filipebellum/status/1335347022656835585
21, Atualiza√ß√£o da Pol√™mica em Charges no Instagram,"Considerando o pressuposto de que a pol√™mica √© atualizada somente no di√°logo entre textos, buscamos evidenciar como essa atualiza√ß√£o se constitui nas intera√ß√µes conflituosas dos coment√°rios de uma charge na p√°gina do Instagram O Povo Online.",https://twitter.com/d1ogos1mao/status/1335339460293242880
21, Carlos Franchi: lingu√≠stica √† Brasileira,"Este trabalho procura apresentar parte da vida e obra de Carlos Franchi como esfor√ßo para compreender sua tese ‚ÄúHip√≥teses para uma Teoria Funcional da Linguagem‚Äù. Escrita nos anos 1970, Franchi esbo√ßa, nela, um modelo formal para a linguagem, que seria atividade constitutiva.",https://twitter.com/omdara/status/1335358328935944198
21, O verbo-visual como estrat√©gia discursiva nos infogr√°ficos,"O infogr√°fico √© um g√™nero discursivo capaz de hibridizar numa dada verbo-visualidade diversas linguagens, temas e estilos. A partir de um olhar bakhtiniano, analisou-se em uma diacronia de 16 amostras da se√ß√£o Gr√°fico do @NexoJornal como esses aspectos articulam-se textualmente.",https://twitter.com/TeapotLinguist/status/1335365957401907200
21, A enunciacÃßaÃÉo (anti)feminista no Facebook,"Considerando que a internet e as m√≠dias sociais digitais institu√≠ram √† sociedade uma nova forma de enuncia√ß√£o, neste trabalho, analisamos a discursiviza√ß√£o do(s) enunciado(s) (anti)feminista(s) em posts de Facebook a partir da teoria enunciativo-discursiva bakhtiniana.",https://twitter.com/_deborahtmg_/status/1335350810193096704
21, Ensino baÃÅsico em tempos pandeÃÇmicos,"Na educa√ß√£o, a impossibilidade de continuidade das aulas presenciais num contexto de pandemia, deu lugar √† busca por alternativas remotas. Assim, surge a necessidade de entender como essas experi√™ncias t√™m sido interpretadas pelos professores a partir da an√°lise de seus relatos.",https://twitter.com/_Welton_Silva/status/1335369852194856960
21, A Classless Analysis of Italian Nouns,"Italian has stems of root+theme vowel with many irregular pairings. Decompositional analyses need problematic class features. Class is an unnecessary diacritic, and is replaceable with underlying root shapes. This leads to a more streamlined derivational architecture.",https://twitter.com/Shelton__Souza/status/1335328117729144833
21, Twitter Networked multilingual practices,"An online ethnographic study that examines the multilingual practices of Saudi academics in the UK. (Tweets and interviews via Twitter DM). Thematic analysis revealed; Arabic and English as context-dependent choice, the impact of the imagined audience concept on language choices.",https://twitter.com/LeoKaltner/status/1335362146063032322
21, Hist√≥ria da Lingu√≠stica: o Brasil quinhentista,"A hist√≥ria da Lingu√≠stica no Brasil quinhentista √© tema interdisciplinar, abordado pela Historiografia Lingu√≠stica e pela Lingu√≠stica Mission√°ria. O pensamento lingu√≠stico na Am√©rica portuguesa vincula-se √† coloniza√ß√£o lingu√≠stica, como nos mostra a gram√°tica de Jos√© de Anchieta.",https://twitter.com/filhedeBeyonce/status/1335331768031981578
21, Because X: Now I‚Äôm an ellipsis and now I‚Äôm not,"Because¬†X' is not elliptical, although it originally was. Recoverability can be used to tell ellipses from non-ellipses. This development from non-ellipses via ellipses to non-ellipses again is not English-specific. It can be seen in many languages, e.g. Dutch, German or Czech.",https://twitter.com/ulfsbjorninn/status/1335354516275912704
21, Argumentos ad personam em cartas de amea√ßa,"O presente trabalho objetiva analisar o emprego de palavr√µes, considerado como uma estrat√©gia argumentativa conhecida na ret√≥rica por argumento ad personam, em cinquenta cartas de amea√ßa. Notamos que a utiliza√ß√£o da estrat√©gia corresponde a uma caracter√≠stica do g√™nero em apre√ßo.",https://twitter.com/hidalicy/status/1335335479156334600
